[
    {
        "id":1,
        "name":"Jane Doe",
        "message":"Hello Gys! What is a new ?",
        "date":"12/10/2022",
        "image":"assets/images/money_80px.png"
    },
    {
        "id":2,
        "name":"Ed Will",
        "message":"Hello Gys! What is a new ?",
        "date":"12/10/2022",
        "image":"assets/images/money_80px.png"
    },
    {
        "id":3,
        "name":" John Cena",
        "message":"Hello Gys! What is a new ?",
        "date":"12/10/2022",
        "image":"assets/images/money_80px.png"
    },
    {
        "id":4,
        "name":"John Wik",
        "message":"Hello Gys! What is a new ?",
        "date":"12/10/2022",
        "image":"assets/images/money_80px.png"
    }
]