[
    {
        "id":1,
        "name":"John Doe",
        "message":"Hello World",
        "date":"12/10/2024",
        "image":"assets/images/money_80px.png"
    },
    {
        "id":2,
        "name":"John Will",
        "message":"Hello World",
        "date":"12/10/2024",
        "image":"assets/images/money_80px.png"
    },
    {
        "id":3,
        "name":"John Cena",
        "message":"Hello World",
        "date":"12/10/2024",
        "image":"assets/images/money_80px.png"
    },
    {
        "id":4,
        "name":"John Wik",
        "message":"Hello World",
        "date":"12/10/2024",
        "image":"assets/images/money_80px.png"
    },
    {
        "id":5,
        "name":"John Nathan",
        "message":"Hello World",
        "date":"12/10/2024",
        "image":"assets/images/money_80px.png"
    },
    {
        "id":6,
        "name":"John Smith",
        "message":"Hello World",
        "date":"12/10/2024",
        "image":"assets/images/money_80px.png"
    },
    {
        "id":7,
        "name":"John Ed",
        "message":"Hello World",
        "date":"12/10/2024",
        "image":"assets/images/money_80px.png"
    },
    {
        "id":8,
        "name":"John Michel",
        "message":"Hello World",
        "date":"12/10/2024",
        "image":"assets/images/money_80px.png"
    },
    {
        "id":9,
        "name":"John Tatum",
        "message":"Hello World",
        "date":"12/10/2024",
        "image":"assets/images/money_80px.png"
    },
    {
        "id":10,
        "name":"John Paul",
        "message":"Hello World",
        "date":"12/10/2024",
        "image":"assets/images/money_80px.png"
    }
]